dataset,mean_top_second_gap_pp,p10_gap_pp,p50_gap_pp,p90_gap_pp
atlas,inf,0.0,0.0,0.0
helios,inf,0.8614151778970538,7.472905478442306,28.5719487875568
meadow,inf,0.9568913749347324,5.189100372268076,22.651315612804453
rotation,inf,0.7541957044674509,4.929770369121081,22.093962271232886
vega,inf,0.4083457965403552,3.331568299271301,15.884333742658319
zephyr,inf,1.1045812195637312,7.008534824656931,25.225300568445597
